lag,lag_hours,lag_days,valid_n,pearson_corr,neighbor_mean,peak_strength,spearman_corr
32,64,2.6666666666666665,5050,0.18563843098368454,0.18134430664335532,0.0042941243403292195,0.649486273398456
27,54,2.25,5060,0.18462024735386534,0.18301491644195406,0.0016053309119112846,0.6755235570052457
67,134,5.583333333333333,4980,0.04169812387946805,0.03841109380091856,0.0032870300785494896,0.44993840283297565
63,126,5.25,4988,0.037050224864518595,0.03559657546789921,0.0014536493966193845,0.47029042437686414
