period_lag,lag_hours,lag_days,pearson_corr,pearson_neighbor_mean,pearson_peak_strength,is_pearson_local_peak,spearman_corr,spearman_neighbor_mean,spearman_peak_strength,is_spearman_local_peak
12,24.0,1.0,0.4606791970156171,0.454437604101922,0.006241592913695082,False,0.8051444062451125,0.8047137749654789,0.0004306312796336087,False
24,48.0,2.0,0.2074354179313509,0.20442863619556534,0.0030067817357855575,False,0.6999799608628465,0.6999772169967993,2.7438660472611787e-06,False
36,72.0,3.0,0.16258235690130052,0.16084475662724906,0.001737600274051454,False,0.6302182461874271,0.6295007799582882,0.000717466229138819,False
48,96.0,4.0,0.09262812273862317,0.09338999788766941,-0.0007618751490462428,False,0.5579053711901147,0.5577965777930152,0.00010879339709957137,False
60,120.0,5.0,0.03558656637803323,0.03545671612513962,0.00012985025289360963,False,0.49349197598815364,0.4922180378684796,0.001273938119674023,False
72,144.0,6.0,0.02846932305083134,0.029343403198529905,-0.0008740801476985645,False,0.42265012856719875,0.4224751825514075,0.00017494601579126634,False
