period_label,lag,lag_hours,lag_days,valid_n,pearson_corr,spearman_corr
1 day,12,24,1.0,5090,0.4606791970156171,0.8051444062451125
2 days,24,48,2.0,5066,0.2074354179313509,0.6999799608628465
3 days,36,72,3.0,5042,0.16258235690130052,0.6302182461874271
4 days,48,96,4.0,5018,0.09262812273862317,0.5579053711901147
5 days,60,120,5.0,4994,0.03558656637803323,0.49349197598815364
6 days,72,144,6.0,4970,0.02846932305083134,0.42265012856719875
7 days,84,168,7.0,4946,0.05664528035672274,0.3753962555395539
