feature,best_lag_pearson,best_lag_hours_pearson,valid_n_pearson,pearson_corr,pearson_abs,best_lag_spearman,best_lag_hours_spearman,valid_n_spearman,spearman_corr,spearman_abs
ALUM,4,8,3812,-0.03878226020658259,0.03878226020658259,12,24,3804,0.07854283255647389,0.07854283255647389
F/RIDE,5,10,5455,-0.015225815364078781,0.015225815364078781,0,0,5460,-0.08311095437027366,0.08311095437027366
R/W CLR,0,0,5460,0.14876313126901877,0.14876313126901877,7,14,5453,0.07412305972927806,0.07412305972927806
R/W FLOW,1,2,5459,0.08475120507664098,0.08475120507664098,12,24,5448,0.05688808691205337,0.05688808691205337
R/W NTU,0,0,5460,0.16932635937929322,0.16932635937929322,12,24,5448,0.09789278576055556,0.09789278576055556
R/W PH,8,16,3808,-0.019658559426536024,0.019658559426536024,7,14,3809,0.014850449107995316,0.014850449107995316
RIVER LEVEL,12,24,5448,0.1951389275112647,0.1951389275112647,8,16,5452,0.1842501663920527,0.1842501663920527
