pump,threshold,stable_n,switch_n,stable_rate,switch_rate,rate_ratio,odds_ratio,p_value
R/W PUMP DUTY,Q95,3295,70,0.05553869499241275,0.05714285714285714,1.0288836846213896,1.0306342109620799,0.794995557089317
R/W PUMP DUTY,Q99,3295,70,0.010622154779969651,0.0,0.0,0.0,1.0
R/W PUMP DUTY,FIXED_0.2,3295,70,0.0464339908952959,0.05714285714285714,1.23062558356676,1.2446028916617151,0.5672522322756649
T/W PUMP DUTY,Q95,3360,106,0.05744047619047619,0.03773584905660377,0.6569557141460554,0.6435029970537438,0.5228676183458152
T/W PUMP DUTY,Q99,3360,106,0.01130952380952381,0.0,0.0,0.0,0.6300295966964942
T/W PUMP DUTY,FIXED_0.2,3360,106,0.048214285714285716,0.03773584905660377,0.7826694619147448,0.7741466957153231,0.8175948838279503
